ID_Treino,Nome_Exercicio,Carga,Reps
1,Agachamento,63,11
1,Leg Press,38,6
1,Puxada Frontal,102,14
1,Rosca Direta,22,8
1,Supino Reto,106,6
1,Triceps Pulley,112,6
2,Abdominal,103,14
2,Agachamento,80,14
2,Puxada Frontal,37,14
2,Rosca Direta,47,14
2,Supino Inclinado,69,6
2,Triceps Pulley,96,15
3,Puxada Frontal,10,14
3,Supino Inclinado,109,6
3,Supino Reto,25,15
4,Elevacao Lateral,58,12
4,Leg Press,108,7
4,Panturrilha,77,13
4,Puxada Frontal,64,10
4,Remada Curvada,85,8
5,Puxada Frontal,109,11
5,Remada Curvada,55,7
5,Supino Inclinado,81,9
5,Triceps Pulley,26,10
6,Abdominal,93,10
6,Leg Press,102,9
6,Panturrilha,52,8
6,Puxada Frontal,15,12
6,Rosca Direta,116,6
6,Supino Reto,46,7
7,Leg Press,40,6
7,Puxada Frontal,71,9
7,Remada Curvada,82,8
7,Supino Inclinado,57,6
7,Triceps Pulley,44,7
8,Abdominal,115,7
8,Agachamento,79,7
8,Remada Curvada,58,13
8,Supino Inclinado,44,6
8,Triceps Pulley,106,6
9,Abdominal,39,11
9,Elevacao Lateral,63,13
9,Leg Press,22,15
9,Panturrilha,28,9
9,Rosca Direta,13,12
9,Triceps Pulley,103,9
10,Abdominal,94,14
10,Agachamento,108,7
10,Leg Press,96,7
10,Supino Inclinado,89,14
10,Triceps Pulley,18,6
11,Desenvolvimento,15,14
11,Puxada Frontal,27,6
11,Remada Curvada,49,10
11,Rosca Direta,61,14
11,Supino Reto,23,7
12,Agachamento,116,11
12,Elevacao Lateral,25,12
12,Panturrilha,102,11
12,Puxada Frontal,102,9
12,Remada Curvada,87,9
12,Triceps Pulley,10,9
13,Abdominal,118,13
13,Elevacao Lateral,45,9
13,Rosca Direta,38,7
14,Abdominal,94,7
14,Agachamento,80,10
14,Desenvolvimento,25,8
14,Elevacao Lateral,92,8
14,Puxada Frontal,19,8
14,Supino Inclinado,115,9
15,Desenvolvimento,113,6
15,Elevacao Lateral,94,14
15,Leg Press,94,14
15,Panturrilha,43,12
15,Remada Curvada,38,15
15,Supino Inclinado,10,15
16,Agachamento,79,13
16,Elevacao Lateral,47,15
16,Panturrilha,110,11
16,Supino Reto,36,9
17,Abdominal,102,6
17,Desenvolvimento,20,9
17,Rosca Direta,112,8
18,Abdominal,73,14
18,Elevacao Lateral,85,8
18,Remada Curvada,114,12
19,Agachamento,34,7
19,Leg Press,23,11
19,Panturrilha,96,6
19,Rosca Direta,11,11
19,Supino Reto,105,6
20,Desenvolvimento,119,11
20,Remada Curvada,35,15
20,Supino Inclinado,28,14
20,Supino Reto,108,14
21,Desenvolvimento,93,10
21,Elevacao Lateral,30,7
21,Panturrilha,46,9
21,Puxada Frontal,83,9
21,Remada Curvada,46,11
21,Supino Inclinado,85,8
22,Agachamento,72,6
22,Rosca Direta,68,6
22,Supino Reto,17,10
23,Abdominal,46,8
23,Leg Press,18,12
23,Panturrilha,72,15
23,Rosca Direta,20,7
23,Supino Inclinado,96,9
23,Triceps Pulley,14,7
24,Desenvolvimento,54,13
24,Elevacao Lateral,30,10
24,Remada Curvada,87,8
24,Supino Inclinado,22,8
24,Triceps Pulley,65,10
25,Agachamento,40,11
25,Remada Curvada,38,10
25,Rosca Direta,45,12
25,Supino Reto,28,9
26,Desenvolvimento,34,9
26,Elevacao Lateral,44,9
26,Remada Curvada,42,15
26,Supino Reto,96,12
27,Abdominal,12,13
27,Elevacao Lateral,74,11
27,Supino Reto,20,7
27,Triceps Pulley,60,11
28,Desenvolvimento,98,11
28,Elevacao Lateral,33,8
28,Triceps Pulley,36,11
29,Abdominal,68,7
29,Agachamento,92,11
29,Elevacao Lateral,56,15
29,Rosca Direta,115,14
29,Supino Inclinado,105,6
29,Triceps Pulley,104,14
30,Panturrilha,84,8
30,Remada Curvada,62,8
30,Rosca Direta,38,11
31,Abdominal,62,11
31,Desenvolvimento,41,11
31,Elevacao Lateral,63,14
31,Panturrilha,17,7
31,Rosca Direta,46,9
32,Agachamento,85,9
32,Desenvolvimento,114,8
32,Elevacao Lateral,32,11
32,Puxada Frontal,74,7
32,Remada Curvada,118,13
32,Supino Reto,59,15
33,Desenvolvimento,97,9
33,Remada Curvada,72,14
33,Rosca Direta,37,10
34,Abdominal,54,15
34,Agachamento,17,15
34,Remada Curvada,33,12
34,Rosca Direta,76,14
34,Supino Inclinado,95,8
34,Supino Reto,48,11
35,Abdominal,82,12
35,Agachamento,19,13
35,Desenvolvimento,55,13
35,Rosca Direta,93,6
35,Supino Inclinado,103,14
35,Triceps Pulley,30,10
36,Agachamento,26,9
36,Puxada Frontal,88,10
36,Remada Curvada,73,10
37,Desenvolvimento,22,14
37,Elevacao Lateral,111,14
37,Leg Press,76,6
37,Rosca Direta,120,8
38,Abdominal,25,10
38,Desenvolvimento,107,9
38,Leg Press,118,14
38,Remada Curvada,62,6
38,Rosca Direta,120,9
38,Triceps Pulley,67,6
39,Abdominal,102,15
39,Leg Press,86,12
39,Remada Curvada,76,13
39,Rosca Direta,18,7
39,Triceps Pulley,41,10
40,Abdominal,93,9
40,Agachamento,87,10
40,Desenvolvimento,92,8
40,Elevacao Lateral,118,9
40,Supino Reto,16,14
40,Triceps Pulley,19,15
41,Agachamento,77,6
41,Leg Press,58,6
41,Supino Reto,88,8
41,Triceps Pulley,116,11
42,Abdominal,38,8
42,Agachamento,62,11
42,Leg Press,116,8
42,Panturrilha,75,8
42,Puxada Frontal,17,6
42,Remada Curvada,59,10
43,Leg Press,41,15
43,Puxada Frontal,78,12
43,Remada Curvada,93,10
44,Agachamento,34,11
44,Panturrilha,104,15
44,Remada Curvada,48,14
45,Desenvolvimento,83,12
45,Leg Press,83,6
45,Panturrilha,84,12
45,Puxada Frontal,48,9
45,Supino Inclinado,12,9
46,Agachamento,17,6
46,Desenvolvimento,15,11
46,Leg Press,52,8
46,Panturrilha,48,15
46,Remada Curvada,87,11
47,Abdominal,17,7
47,Agachamento,57,6
47,Leg Press,59,15
47,Puxada Frontal,18,8
47,Remada Curvada,12,15
47,Supino Inclinado,112,11
48,Agachamento,89,14
48,Desenvolvimento,26,8
48,Leg Press,92,7
48,Puxada Frontal,87,6
48,Supino Reto,76,10
49,Leg Press,20,9
49,Panturrilha,58,11
49,Remada Curvada,57,13
49,Supino Reto,55,8
49,Triceps Pulley,71,13
50,Abdominal,11,14
50,Agachamento,107,13
50,Leg Press,75,10
50,Puxada Frontal,111,7
50,Supino Reto,62,7
50,Triceps Pulley,104,6
51,Desenvolvimento,40,10
51,Elevacao Lateral,102,10
51,Leg Press,10,15
51,Panturrilha,109,6
51,Supino Inclinado,41,15
52,Agachamento,113,8
52,Desenvolvimento,102,7
52,Leg Press,33,13
52,Puxada Frontal,53,7
52,Remada Curvada,104,15
53,Desenvolvimento,104,7
53,Panturrilha,70,12
53,Puxada Frontal,87,6
53,Remada Curvada,112,11
53,Rosca Direta,82,14
53,Supino Reto,68,8
54,Panturrilha,117,11
54,Remada Curvada,65,8
54,Rosca Direta,37,11
54,Supino Inclinado,119,7
55,Abdominal,64,9
55,Elevacao Lateral,35,12
55,Leg Press,71,6
55,Puxada Frontal,98,15
55,Supino Reto,99,15
55,Triceps Pulley,62,15
56,Desenvolvimento,37,11
56,Puxada Frontal,52,13
56,Triceps Pulley,107,13
57,Abdominal,59,13
57,Leg Press,40,6
57,Panturrilha,58,13
58,Abdominal,22,9
58,Puxada Frontal,68,11
58,Rosca Direta,118,10
58,Supino Reto,63,12
59,Abdominal,88,6
59,Agachamento,53,14
59,Elevacao Lateral,17,15
59,Rosca Direta,95,11
59,Supino Inclinado,68,11
59,Supino Reto,44,8
60,Agachamento,72,7
60,Elevacao Lateral,81,7
60,Supino Inclinado,21,11
60,Triceps Pulley,60,13
61,Leg Press,30,11
61,Panturrilha,82,13
61,Remada Curvada,77,15
61,Supino Inclinado,80,12
61,Triceps Pulley,68,12
62,Leg Press,88,12
62,Puxada Frontal,36,8
62,Remada Curvada,107,7
62,Supino Inclinado,102,6
62,Triceps Pulley,11,11
63,Abdominal,13,10
63,Leg Press,74,12
63,Remada Curvada,49,13
64,Panturrilha,97,14
64,Puxada Frontal,19,6
64,Remada Curvada,70,7
64,Supino Reto,58,10
65,Agachamento,30,9
65,Elevacao Lateral,57,15
65,Leg Press,82,8
66,Desenvolvimento,93,13
66,Panturrilha,95,15
66,Puxada Frontal,118,15
66,Rosca Direta,40,11
66,Supino Reto,60,6
67,Abdominal,98,15
67,Leg Press,18,12
67,Remada Curvada,91,14
67,Supino Inclinado,91,10
67,Supino Reto,84,9
68,Abdominal,22,12
68,Agachamento,39,8
68,Desenvolvimento,62,14
68,Elevacao Lateral,64,9
68,Supino Inclinado,20,14
69,Abdominal,97,14
69,Desenvolvimento,13,6
69,Panturrilha,40,15
69,Rosca Direta,46,15
69,Supino Reto,110,7
70,Agachamento,44,9
70,Elevacao Lateral,80,14
70,Puxada Frontal,117,15
70,Supino Inclinado,31,9
71,Abdominal,10,10
71,Agachamento,62,7
71,Puxada Frontal,96,9
71,Rosca Direta,56,11
72,Agachamento,33,12
72,Desenvolvimento,27,11
72,Leg Press,64,15
72,Panturrilha,31,7
72,Remada Curvada,51,10
72,Rosca Direta,65,7
73,Agachamento,118,11
73,Desenvolvimento,105,12
73,Rosca Direta,95,14
74,Agachamento,74,9
74,Desenvolvimento,110,12
74,Elevacao Lateral,27,10
74,Leg Press,44,9
74,Panturrilha,56,10
74,Supino Reto,112,11
75,Abdominal,44,11
75,Desenvolvimento,45,12
75,Elevacao Lateral,94,8
75,Leg Press,79,12
76,Elevacao Lateral,113,12
76,Panturrilha,59,8
76,Remada Curvada,77,7
76,Rosca Direta,54,6
77,Abdominal,15,13
77,Puxada Frontal,24,11
77,Rosca Direta,118,11
77,Supino Inclinado,17,13
78,Desenvolvimento,19,6
78,Elevacao Lateral,100,7
78,Rosca Direta,63,11
78,Supino Inclinado,13,15
79,Agachamento,53,12
79,Leg Press,109,15
79,Remada Curvada,12,7
79,Supino Inclinado,27,13
79,Supino Reto,95,9
79,Triceps Pulley,14,9
80,Abdominal,62,8
80,Agachamento,22,12
80,Desenvolvimento,79,13
80,Leg Press,53,11
80,Triceps Pulley,54,8
81,Desenvolvimento,24,13
81,Leg Press,99,6
81,Puxada Frontal,25,7
81,Remada Curvada,14,7
81,Supino Inclinado,37,14
82,Abdominal,92,15
82,Panturrilha,45,15
82,Puxada Frontal,92,8
83,Agachamento,63,12
83,Desenvolvimento,33,8
83,Elevacao Lateral,34,15
83,Leg Press,33,7
83,Panturrilha,15,14
83,Remada Curvada,15,6
84,Abdominal,12,8
84,Leg Press,64,7
84,Puxada Frontal,77,6
84,Supino Inclinado,114,13
85,Agachamento,76,6
85,Elevacao Lateral,17,12
85,Puxada Frontal,53,12
85,Supino Reto,45,11
85,Triceps Pulley,76,12
86,Agachamento,105,13
86,Desenvolvimento,67,14
86,Elevacao Lateral,95,8
86,Leg Press,93,14
86,Panturrilha,21,9
87,Agachamento,63,13
87,Elevacao Lateral,85,9
87,Panturrilha,19,11
87,Remada Curvada,50,12
87,Supino Reto,25,15
88,Abdominal,51,10
88,Panturrilha,83,7
88,Rosca Direta,66,13
88,Supino Reto,80,13
89,Agachamento,102,9
89,Remada Curvada,17,15
89,Triceps Pulley,20,8
90,Abdominal,85,15
90,Agachamento,53,8
90,Desenvolvimento,81,13
90,Elevacao Lateral,92,11
90,Leg Press,31,12
90,Puxada Frontal,76,10
91,Abdominal,67,9
91,Agachamento,101,14
91,Elevacao Lateral,78,11
91,Panturrilha,100,9
91,Rosca Direta,91,14
91,Triceps Pulley,93,12
92,Agachamento,70,12
92,Leg Press,65,15
92,Rosca Direta,92,14
93,Agachamento,92,14
93,Elevacao Lateral,115,13
93,Leg Press,110,14
94,Panturrilha,18,7
94,Puxada Frontal,58,11
94,Remada Curvada,70,13
94,Rosca Direta,111,11
94,Supino Inclinado,17,9
94,Triceps Pulley,67,6
95,Elevacao Lateral,45,14
95,Panturrilha,24,10
95,Puxada Frontal,22,13
95,Supino Reto,97,11
95,Triceps Pulley,34,12
96,Agachamento,27,8
96,Elevacao Lateral,33,14
96,Panturrilha,43,12
96,Supino Reto,43,11
97,Agachamento,12,10
97,Remada Curvada,42,9
97,Supino Inclinado,10,10
98,Desenvolvimento,38,14
98,Elevacao Lateral,117,14
98,Leg Press,113,14
99,Abdominal,76,7
99,Desenvolvimento,93,11
99,Supino Reto,93,14
100,Abdominal,57,14
100,Agachamento,90,8
100,Elevacao Lateral,113,11
100,Panturrilha,46,12
100,Remada Curvada,99,12
100,Rosca Direta,57,12
101,Leg Press,42,12
101,Panturrilha,63,9
101,Puxada Frontal,95,6
101,Supino Inclinado,35,6
102,Abdominal,94,6
102,Agachamento,117,13
102,Panturrilha,90,8
102,Puxada Frontal,78,15
102,Rosca Direta,88,7
103,Elevacao Lateral,10,13
103,Remada Curvada,61,7
103,Rosca Direta,62,14
103,Supino Inclinado,111,12
104,Leg Press,88,10
104,Remada Curvada,47,9
104,Rosca Direta,111,15
104,Triceps Pulley,46,8
105,Elevacao Lateral,42,9
105,Panturrilha,81,15
105,Puxada Frontal,14,11
105,Rosca Direta,71,12
105,Supino Inclinado,52,9
105,Triceps Pulley,62,9
106,Panturrilha,88,9
106,Remada Curvada,92,15
106,Supino Reto,92,13
107,Leg Press,79,14
107,Puxada Frontal,81,14
107,Supino Inclinado,21,15
108,Panturrilha,72,15
108,Puxada Frontal,60,12
108,Rosca Direta,57,15
109,Agachamento,105,9
109,Leg Press,96,10
109,Panturrilha,108,8
109,Rosca Direta,66,11
109,Supino Reto,54,14
109,Triceps Pulley,36,6
110,Abdominal,20,15
110,Elevacao Lateral,40,14
110,Leg Press,37,6
110,Puxada Frontal,60,8
110,Rosca Direta,104,7
110,Supino Inclinado,35,6
111,Abdominal,16,11
111,Agachamento,40,11
111,Supino Inclinado,55,12
112,Agachamento,94,14
112,Elevacao Lateral,23,7
112,Remada Curvada,94,9
112,Supino Reto,108,15
113,Agachamento,112,11
113,Puxada Frontal,96,13
113,Supino Inclinado,36,10
113,Triceps Pulley,50,10
114,Agachamento,82,7
114,Desenvolvimento,70,13
114,Remada Curvada,37,12
114,Rosca Direta,48,10
114,Supino Inclinado,59,11
114,Triceps Pulley,109,7
115,Abdominal,74,8
115,Agachamento,65,10
115,Panturrilha,95,7
115,Remada Curvada,33,12
115,Supino Reto,98,15
115,Triceps Pulley,111,7
116,Abdominal,72,12
116,Elevacao Lateral,84,11
116,Leg Press,53,12
116,Panturrilha,38,7
116,Supino Inclinado,17,8
117,Desenvolvimento,11,11
117,Elevacao Lateral,69,9
117,Remada Curvada,22,15
117,Rosca Direta,38,11
117,Triceps Pulley,25,6
118,Abdominal,54,14
118,Agachamento,18,13
118,Panturrilha,98,9
118,Supino Inclinado,99,9
118,Triceps Pulley,48,13
119,Desenvolvimento,116,11
119,Puxada Frontal,16,9
119,Remada Curvada,98,7
120,Abdominal,65,7
120,Agachamento,78,13
120,Elevacao Lateral,56,14
120,Leg Press,97,14
120,Rosca Direta,43,9
120,Supino Reto,65,7
121,Desenvolvimento,53,15
121,Elevacao Lateral,93,8
121,Remada Curvada,89,8
121,Rosca Direta,73,12
121,Supino Inclinado,41,12
121,Supino Reto,16,10
122,Agachamento,71,6
122,Leg Press,94,7
122,Panturrilha,63,6
123,Desenvolvimento,34,12
123,Rosca Direta,114,10
123,Supino Inclinado,34,8
124,Desenvolvimento,25,10
124,Elevacao Lateral,69,11
124,Panturrilha,50,15
125,Leg Press,50,15
125,Remada Curvada,61,8
125,Rosca Direta,36,12
125,Supino Reto,95,13
126,Abdominal,23,12
126,Elevacao Lateral,38,7
126,Panturrilha,45,11
126,Remada Curvada,81,6
126,Supino Inclinado,39,9
127,Desenvolvimento,57,10
127,Panturrilha,25,14
127,Puxada Frontal,73,6
127,Rosca Direta,19,9
127,Supino Inclinado,63,8
127,Supino Reto,95,12
128,Elevacao Lateral,105,11
128,Puxada Frontal,106,12
128,Rosca Direta,25,11
128,Supino Inclinado,46,6
129,Elevacao Lateral,115,7
129,Supino Reto,12,15
129,Triceps Pulley,38,7
130,Desenvolvimento,98,10
130,Panturrilha,26,14
130,Puxada Frontal,100,8
131,Agachamento,93,13
131,Desenvolvimento,30,15
131,Panturrilha,103,13
131,Puxada Frontal,86,14
131,Remada Curvada,17,12
131,Triceps Pulley,31,12
132,Desenvolvimento,118,11
132,Rosca Direta,70,15
132,Triceps Pulley,59,12
